date_collected,run_time_cambodia,published_date,crop,country,topic,title,Summary,publisher_name,publisher_domain,source_type,source_name,language,url,google_news_url,search_query,summary_raw,status,published_dt_utc,published_dt_kh,clean_title,canonical_url,url_id,same_site_title_id,article_id,master_status
2026-07-13,2026-07-13 12:36:13,"Mon, 13 Jul 2026 01:58:59 GMT",Mango,Global,General,Mangoes in distress,Global Mango news related to general. Key point: Mangoes in distress,Dawn,dawn.com,Google News RSS,Google News,en,https://news.google.com/rss/articles/CBMiSEFVX3lxTE1QY2M2Z0U3UDA5TnVGeWtpMFo2YzVGaVdJVkNwWndYN2NNWjJYaG91bWFrTzQxYW43T09HWnp5dWluQWkxSkFsaA?oc=5,https://news.google.com/rss/articles/CBMiSEFVX3lxTE1QY2M2Z0U3UDA5TnVGeWtpMFo2YzVGaVdJVkNwWndYN2NNWjJYaG91bWFrTzQxYW43T09HWnp5dWluQWkxSkFsaA?oc=5,global mango market price export climate risk,Mangoes in distress Dawn,ARTICLE,2026-07-13 01:58:59+00:00,2026-07-13 08:58:59+07:00,mangoes in distress,https://news.google.com/rss/articles/CBMiSEFVX3lxTE1QY2M2Z0U3UDA5TnVGeWtpMFo2YzVGaVdJVkNwWndYN2NNWjJYaG91bWFrTzQxYW43T09HWnp5dWluQWkxSkFsaA?oc=5,02893603cd93134cafe658985f42db756491397dede671064e515aeafee32d65,0d5519a95a0022de074f2fe3b2d0649a97d5d738def0e904d3d1c7c05e697f8d,4c4f8af3e947e7460139f5f48695cf3a7b885e57dd85d2e479c9af0497c007fb,NEW
2026-07-13,2026-07-13 09:47:47,"Mon, 13 Jul 2026 00:52:28 GMT",Vegetables,Global,Export,How China is applying the EV playbook to fruit,Global Vegetables news related to export. Key point: How China is applying the EV playbook to fruit,The Australian,theaustralian.com.au,Google News RSS,Google News,en,https://news.google.com/rss/articles/CBMirgJBVV95cUxQTTBtallFeEZVcjRibElELWFBTml0RmR4UVhjUERjVmxrbFUxa1NXUGl6a1d3Z3NJMEdpX1hvN0ZpVDZvRFJYMWJ0bVpyTWJ1X2R4c0VFQXg1RzBzaDVYS214dDlWTGlPc3BWYlRHdGowekNEYkNhMG54SEJrT3BqRDZQaERNc0hNWUFkV3o5SVhIbXljUk10akFNNlNiWFlKZV9HdDBFOEkyYmRwYVZ5WkU4eWlScU5LQUpmZkVYYWhtSWR5dTBNQkd1V3kzTHZaNE81bGRIZ3hhdDYzQUwtajNwTmlfbXlpQXdvaXJqdFQzek5iUVlDSk1CZVA2Zlh1eF8zTDh6Xzk3Sm5BbjlZMktDeEY2bzk4ODJJU2Ixc2pnZjFTbHpHRUhxOVJiZ9IBswJBVV95cUxPbWpTQ2NqbS1JMThhTndBd0lIdHpxd2NwU2g1b2lSdWVVZFQ1RlhsblowM2ZvZjh1WndhS0xhb2NwWHpFM1BQMks3aDBPWlliR1VPVXZvVUdtNVBsY3ZqVlJ5OWltM3FZbWFmVTFzX0JGaUp5amRFb2RQbFdZdHVfdFhYZXhLX2pKV2g4TDE4T2VrdzNQSUZJT3RRVmNxWFgxejMyck1KRWRwUERWY3k2cng3VGc3UWdBV2xDV3JBNzVSQWcxaXI1MGJ6VFpzS3lKVEYwZU1NYnRBLS0yZnlYTTByMkxzbDRCYUxFaGlpcXFBT3RoRVBjVVJrTGNKV3N0M1Nhd1VGcEZLUGVJWHJQblgyeEhlVTBRQVlhQ3FrN3RzS09NR3BSR2dqc1JSaHV4bndv?oc=5,https://news.google.com/rss/articles/CBMirgJBVV95cUxQTTBtallFeEZVcjRibElELWFBTml0RmR4UVhjUERjVmxrbFUxa1NXUGl6a1d3Z3NJMEdpX1hvN0ZpVDZvRFJYMWJ0bVpyTWJ1X2R4c0VFQXg1RzBzaDVYS214dDlWTGlPc3BWYlRHdGowekNEYkNhMG54SEJrT3BqRDZQaERNc0hNWUFkV3o5SVhIbXljUk10akFNNlNiWFlKZV9HdDBFOEkyYmRwYVZ5WkU4eWlScU5LQUpmZkVYYWhtSWR5dTBNQkd1V3kzTHZaNE81bGRIZ3hhdDYzQUwtajNwTmlfbXlpQXdvaXJqdFQzek5iUVlDSk1CZVA2Zlh1eF8zTDh6Xzk3Sm5BbjlZMktDeEY2bzk4ODJJU2Ixc2pnZjFTbHpHRUhxOVJiZ9IBswJBVV95cUxPbWpTQ2NqbS1JMThhTndBd0lIdHpxd2NwU2g1b2lSdWVVZFQ1RlhsblowM2ZvZjh1WndhS0xhb2NwWHpFM1BQMks3aDBPWlliR1VPVXZvVUdtNVBsY3ZqVlJ5OWltM3FZbWFmVTFzX0JGaUp5amRFb2RQbFdZdHVfdFhYZXhLX2pKV2g4TDE4T2VrdzNQSUZJT3RRVmNxWFgxejMyck1KRWRwUERWY3k2cng3VGc3UWdBV2xDV3JBNzVSQWcxaXI1MGJ6VFpzS3lKVEYwZU1NYnRBLS0yZnlYTTByMkxzbDRCYUxFaGlpcXFBT3RoRVBjVVJrTGNKV3N0M1Nhd1VGcEZLUGVJWHJQblgyeEhlVTBRQVlhQ3FrN3RzS09NR3BSR2dqc1JSaHV4bndv?oc=5,global vegetable market fresh produce price,How China is applying the EV playbook to fruit The Australian,ARTICLE,2026-07-13 00:52:28+00:00,2026-07-13 07:52:28+07:00,how china is applying the ev playbook to fruit,https://news.google.com/rss/articles/CBMirgJBVV95cUxQTTBtallFeEZVcjRibElELWFBTml0RmR4UVhjUERjVmxrbFUxa1NXUGl6a1d3Z3NJMEdpX1hvN0ZpVDZvRFJYMWJ0bVpyTWJ1X2R4c0VFQXg1RzBzaDVYS214dDlWTGlPc3BWYlRHdGowekNEYkNhMG54SEJrT3BqRDZQaERNc0hNWUFkV3o5SVhIbXljUk10akFNNlNiWFlKZV9HdDBFOEkyYmRwYVZ5WkU4eWlScU5LQUpmZkVYYWhtSWR5dTBNQkd1V3kzTHZaNE81bGRIZ3hhdDYzQUwtajNwTmlfbXlpQXdvaXJqdFQzek5iUVlDSk1CZVA2Zlh1eF8zTDh6Xzk3Sm5BbjlZMktDeEY2bzk4ODJJU2Ixc2pnZjFTbHpHRUhxOVJiZ9IBswJBVV95cUxPbWpTQ2NqbS1JMThhTndBd0lIdHpxd2NwU2g1b2lSdWVVZFQ1RlhsblowM2ZvZjh1WndhS0xhb2NwWHpFM1BQMks3aDBPWlliR1VPVXZvVUdtNVBsY3ZqVlJ5OWltM3FZbWFmVTFzX0JGaUp5amRFb2RQbFdZdHVfdFhYZXhLX2pKV2g4TDE4T2VrdzNQSUZJT3RRVmNxWFgxejMyck1KRWRwUERWY3k2cng3VGc3UWdBV2xDV3JBNzVSQWcxaXI1MGJ6VFpzS3lKVEYwZU1NYnRBLS0yZnlYTTByMkxzbDRCYUxFaGlpcXFBT3RoRVBjVVJrTGNKV3N0M1Nhd1VGcEZLUGVJWHJQblgyeEhlVTBRQVlhQ3FrN3RzS09NR3BSR2dqc1JSaHV4bndv?oc=5,72ba1b40d50dc2c472294473ccd6825c5400e1bedef65bef17420640a33b860b,6dee2aa062894e36073ed044248f993b635904899d7be31e1afde07077441ae4,d494c02c31ed25f049fa88fed6208e2a28b37c0959b71681107782693cd1634e,NEW
2026-07-13,2026-07-13 09:47:47,"Sun, 12 Jul 2026 21:47:54 GMT",Vegetables,Global,Export,Why Wall Street and China Could Reshape Latin America's Farm Economy,Global Vegetables news related to export. Key point: Why Wall Street and China Could Reshape Latin America's Farm Economy,Agrolatam,agrolatam.com,Google News RSS,Google News,en,https://news.google.com/rss/articles/CBMiiwFBVV95cUxOTndJTkM4a092MldIdEo3OHRSOEVndlZPXzZ4ZWZKSWR3T3VRdzFQXzZMR0JBTDNwejVyek81SGdGNUM3QkxMMmQwWkJLSXBPUzdrLUJNcVQ2NjdGM0V4MWVJN3dXUkVDalRMTHZlenE4bkgyVzhBUnRaTkVvWlFPR0diaFhyRDBiejUw?oc=5,https://news.google.com/rss/articles/CBMiiwFBVV95cUxOTndJTkM4a092MldIdEo3OHRSOEVndlZPXzZ4ZWZKSWR3T3VRdzFQXzZMR0JBTDNwejVyek81SGdGNUM3QkxMMmQwWkJLSXBPUzdrLUJNcVQ2NjdGM0V4MWVJN3dXUkVDalRMTHZlenE4bkgyVzhBUnRaTkVvWlFPR0diaFhyRDBiejUw?oc=5,global vegetable market fresh produce price,Why Wall Street and China Could Reshape Latin America's Farm Economy Agrolatam,ARTICLE,2026-07-12 21:47:54+00:00,2026-07-13 04:47:54+07:00,why wall street and china could reshape latin america s farm economy,https://news.google.com/rss/articles/CBMiiwFBVV95cUxOTndJTkM4a092MldIdEo3OHRSOEVndlZPXzZ4ZWZKSWR3T3VRdzFQXzZMR0JBTDNwejVyek81SGdGNUM3QkxMMmQwWkJLSXBPUzdrLUJNcVQ2NjdGM0V4MWVJN3dXUkVDalRMTHZlenE4bkgyVzhBUnRaTkVvWlFPR0diaFhyRDBiejUw?oc=5,294870441c732149b2d04992cf5526b41e871bda89340759e2f0d7c3257eb613,f2da435edccd0ef636d2cb7a0dee1dc3df71ededd3f43b58c9a8cd9830843ed6,c71446dcb94e0360463f8cb82463d6b521332a587fe7cc2793f1b59745d3dbfe,NEW
2026-07-13,2026-07-13 09:47:45,"Sun, 12 Jul 2026 21:42:38 GMT",Rice,Global,General,Adopting modern tech to strengthen food security,Global Rice news related to general. Key point: Adopting modern tech to strengthen food security,The Express Tribune,tribune.com.pk,Google News RSS,Google News,en,https://news.google.com/rss/articles/CBMijgFBVV95cUxNNnhuU2cweFE1QW5kb0M1UVEzejVPZHJMWFFLd1NnYmQ0c1lCdjU4by04ZXcwQmRLNW1ualpLSEVJQXE3QUdETEJwcmY5ZXNVaU5WREhOUkwxTFkxMWlzTlJiV2c3SS1vMTh0d09fMWFFc1NVZlFVelZtcTNDeEFwX1QxcFFmMTlqZjliTmt30gGWAUFVX3lxTFBHMHhLbUNXN1hqbS1EUWtaSnlhTGFmb2pHejl3MktBOWtMWDByRGZVNE1tSUpBajhDdEhEUTB4dHhma09BTWtHNTZMOUl5SmlBZDJYUDhEaWlLdlRid29SbElBSFZjZ24wWG5xRG5rcmlCcG56Uzh0TUlDMDBlbWN4bFJBejN5RWJnTUhtcDRtckVFMHF6dw?oc=5,https://news.google.com/rss/articles/CBMijgFBVV95cUxNNnhuU2cweFE1QW5kb0M1UVEzejVPZHJMWFFLd1NnYmQ0c1lCdjU4by04ZXcwQmRLNW1ualpLSEVJQXE3QUdETEJwcmY5ZXNVaU5WREhOUkwxTFkxMWlzTlJiV2c3SS1vMTh0d09fMWFFc1NVZlFVelZtcTNDeEFwX1QxcFFmMTlqZjliTmt30gGWAUFVX3lxTFBHMHhLbUNXN1hqbS1EUWtaSnlhTGFmb2pHejl3MktBOWtMWDByRGZVNE1tSUpBajhDdEhEUTB4dHhma09BTWtHNTZMOUl5SmlBZDJYUDhEaWlLdlRid29SbElBSFZjZ24wWG5xRG5rcmlCcG56Uzh0TUlDMDBlbWN4bFJBejN5RWJnTUhtcDRtckVFMHF6dw?oc=5,global rice market price export food security,Adopting modern tech to strengthen food security The Express Tribune,ARTICLE,2026-07-12 21:42:38+00:00,2026-07-13 04:42:38+07:00,adopting modern tech to strengthen food security,https://news.google.com/rss/articles/CBMijgFBVV95cUxNNnhuU2cweFE1QW5kb0M1UVEzejVPZHJMWFFLd1NnYmQ0c1lCdjU4by04ZXcwQmRLNW1ualpLSEVJQXE3QUdETEJwcmY5ZXNVaU5WREhOUkwxTFkxMWlzTlJiV2c3SS1vMTh0d09fMWFFc1NVZlFVelZtcTNDeEFwX1QxcFFmMTlqZjliTmt30gGWAUFVX3lxTFBHMHhLbUNXN1hqbS1EUWtaSnlhTGFmb2pHejl3MktBOWtMWDByRGZVNE1tSUpBajhDdEhEUTB4dHhma09BTWtHNTZMOUl5SmlBZDJYUDhEaWlLdlRid29SbElBSFZjZ24wWG5xRG5rcmlCcG56Uzh0TUlDMDBlbWN4bFJBejN5RWJnTUhtcDRtckVFMHF6dw?oc=5,8c4fc4c207a41cb1a0ef669096b6bcb292911e97af361c7ad372f049cfeea977,a702cd5d31cdba304329865919a49f4dc199c6272ec3a7131d613935bd4041e1,65fe2069f7723ea973696f734c2406789eb8b85f41e7a7e186493a8eb735ca53,NEW
2026-07-13,2026-07-13 09:47:47,"Sun, 12 Jul 2026 19:55:46 GMT",Vegetables,Global,General,Global Famine Risks Rising,Global Vegetables news related to general. Key point: Global Famine Risks Rising,GoldSeek,goldseek.com,Google News RSS,Google News,en,https://news.google.com/rss/articles/CBMiZkFVX3lxTFBnajNfQTVhbDF3bWpjaFhvNHVWdUpCR1pXNUFhSVVyazNlc0hYNVp0MmROejZjVUlmbE5ibFZQQjM2R2ZpcG1WLU5mZVNqMlByT2FReGJZWmxfbzRYd3FfeERRMXpNQQ?oc=5,https://news.google.com/rss/articles/CBMiZkFVX3lxTFBnajNfQTVhbDF3bWpjaFhvNHVWdUpCR1pXNUFhSVVyazNlc0hYNVp0MmROejZjVUlmbE5ibFZQQjM2R2ZpcG1WLU5mZVNqMlByT2FReGJZWmxfbzRYd3FfeERRMXpNQQ?oc=5,global vegetable market fresh produce price,Global Famine Risks Rising GoldSeek,ARTICLE,2026-07-12 19:55:46+00:00,2026-07-13 02:55:46+07:00,global famine risks rising,https://news.google.com/rss/articles/CBMiZkFVX3lxTFBnajNfQTVhbDF3bWpjaFhvNHVWdUpCR1pXNUFhSVVyazNlc0hYNVp0MmROejZjVUlmbE5ibFZQQjM2R2ZpcG1WLU5mZVNqMlByT2FReGJZWmxfbzRYd3FfeERRMXpNQQ?oc=5,67baa80fbf12b285ca5799d8c23a2c05ae7980ca4ae40c080e4094294b902860,965fd8172deeb94c84106a1d843d43c638d58df16badc69c5b3e51b5c5cd3394,4772ef44e37113b8f91efb07eb0f69a9c52d524583ef8abd4321bc172522ce72,NEW
2026-07-13,2026-07-13 09:47:47,"Sun, 12 Jul 2026 18:15:00 GMT",Vegetables,Global,General,PH 2026 inflation forecast cut to 5.1%,Global Vegetables news related to general. Key point: PH 2026 inflation forecast cut to 5.1%,Inquirer.net,business.inquirer.net,Google News RSS,Google News,en,https://news.google.com/rss/articles/CBMif0FVX3lxTE01U3NYSVdIXzVBTlg1VFJYSDMtdDBhX3BMSHN3MjJGRGlRUk9rQWVteTVzaUttOE5PMUxoSlFlVmlqQjZnWHNEb3JET0pucUJCVUc5bWRLN21INzJPZ0U5cXhpenZ4aTY0bkREcnZvTzJrSW90LU5xR1p1ekEwRUHSAYQBQVVfeXFMT2JwdUtqeUkxcUdRWVk3eDJ2QVhBUVdPNktXTzMtTnRZWl8zZ3pSTUdsYWY0XzR1QnBsdm5oMjJZWm9YdHY2ZTBIREo3dHZTLVg5RUJVMVFYbnBBLXJhaGU0SFlkR29lT0x3dGJfT3FHMGcwTUVVcXNoRFFEb0ZJM1pjZlFj?oc=5,https://news.google.com/rss/articles/CBMif0FVX3lxTE01U3NYSVdIXzVBTlg1VFJYSDMtdDBhX3BMSHN3MjJGRGlRUk9rQWVteTVzaUttOE5PMUxoSlFlVmlqQjZnWHNEb3JET0pucUJCVUc5bWRLN21INzJPZ0U5cXhpenZ4aTY0bkREcnZvTzJrSW90LU5xR1p1ekEwRUHSAYQBQVVfeXFMT2JwdUtqeUkxcUdRWVk3eDJ2QVhBUVdPNktXTzMtTnRZWl8zZ3pSTUdsYWY0XzR1QnBsdm5oMjJZWm9YdHY2ZTBIREo3dHZTLVg5RUJVMVFYbnBBLXJhaGU0SFlkR29lT0x3dGJfT3FHMGcwTUVVcXNoRFFEb0ZJM1pjZlFj?oc=5,global vegetable market fresh produce price,PH 2026 inflation forecast cut to 5.1% Inquirer.net,ARTICLE,2026-07-12 18:15:00+00:00,2026-07-13 01:15:00+07:00,ph 2026 inflation forecast cut to 5 1,https://news.google.com/rss/articles/CBMif0FVX3lxTE01U3NYSVdIXzVBTlg1VFJYSDMtdDBhX3BMSHN3MjJGRGlRUk9rQWVteTVzaUttOE5PMUxoSlFlVmlqQjZnWHNEb3JET0pucUJCVUc5bWRLN21INzJPZ0U5cXhpenZ4aTY0bkREcnZvTzJrSW90LU5xR1p1ekEwRUHSAYQBQVVfeXFMT2JwdUtqeUkxcUdRWVk3eDJ2QVhBUVdPNktXTzMtTnRZWl8zZ3pSTUdsYWY0XzR1QnBsdm5oMjJZWm9YdHY2ZTBIREo3dHZTLVg5RUJVMVFYbnBBLXJhaGU0SFlkR29lT0x3dGJfT3FHMGcwTUVVcXNoRFFEb0ZJM1pjZlFj?oc=5,fbb1e3d68186ec9e1c739fdf32e16273204f57eb137df208c9189df034b5925b,3e3e6eddb77bdb25318f0635971a4f8a48b32975fa8051e1ac00c4a472f86384,da5bf6781959d814a25f384871bb73deef1610747df49915f391ecdc767baee9,NEW
2026-07-13,2026-07-13 09:47:45,"Sun, 12 Jul 2026 17:26:15 GMT",Rice,Global,Market; Production; Climate Risk,"SAPZ, IFAD Train Ogun Farmers in Market Information Systems","Global Rice news related to market; production; climate risk. Key point: SAPZ, IFAD Train Ogun Farmers in Market Information Systems",Punch Newspapers,punchng.com,Google News RSS,Google News,en,https://news.google.com/rss/articles/CBMiiwFBVV95cUxObk1STzB4dnVTc09jSGhTcnpHeUZKR3FrX0hXUC1LZU5SY2JfSzVWaE45MXo1bTFaUXNSa3RzTDZJb3lYYlZUdkZkRjNoWHJlY1VYSmh2TXE1UVJiWjEybWoyVjEySmtMMXhIYkRYWWV3d3hqNVltazdRcGdkckRUbGVMN2dwZjI3eTRB?oc=5,https://news.google.com/rss/articles/CBMiiwFBVV95cUxObk1STzB4dnVTc09jSGhTcnpHeUZKR3FrX0hXUC1LZU5SY2JfSzVWaE45MXo1bTFaUXNSa3RzTDZJb3lYYlZUdkZkRjNoWHJlY1VYSmh2TXE1UVJiWjEybWoyVjEySmtMMXhIYkRYWWV3d3hqNVltazdRcGdkckRUbGVMN2dwZjI3eTRB?oc=5,global rice market price export food security,"SAPZ, IFAD Train Ogun Farmers in Market Information Systems Punch Newspapers",ARTICLE,2026-07-12 17:26:15+00:00,2026-07-13 00:26:15+07:00,sapz ifad train ogun farmers in market information systems,https://news.google.com/rss/articles/CBMiiwFBVV95cUxObk1STzB4dnVTc09jSGhTcnpHeUZKR3FrX0hXUC1LZU5SY2JfSzVWaE45MXo1bTFaUXNSa3RzTDZJb3lYYlZUdkZkRjNoWHJlY1VYSmh2TXE1UVJiWjEybWoyVjEySmtMMXhIYkRYWWV3d3hqNVltazdRcGdkckRUbGVMN2dwZjI3eTRB?oc=5,0a1bbfb7e7862cf5923effdcdcf7416568a64cd6554327e72f73bb31f42f61d6,7893bef7ac4b6551af53d8a1301231595464d2aef8ac8cbedb0a31eb923b0d01,65b94266e4b1ff791d04ad354fdc7505ba68026843ab352c52a8d8f74ab1cdd6,NEW
2026-07-13,2026-07-13 09:47:47,"Sun, 12 Jul 2026 16:32:45 GMT",Vegetables,Global,Market; Export,Vegetable exports fail to grow due to weak diversification of basket and market,Global Vegetables news related to market; export. Key point: Vegetable exports fail to grow due to weak diversification of basket and market,The Business Standard,tbsnews.net,Google News RSS,Google News,en,https://news.google.com/rss/articles/CBMirwFBVV95cUxPMHhsUnphOEtURjJEc2dhYjYzNW1zbUI3V1V0cHd3M1hnN2VnalQ2SjY0NFF5RGFndnpfaTh0TXNaWFNZeFZMZjRZa3NPMFg1TUQ2Qk5Cem1xUmdla09rZTRlc1N1YmdqR3V2UkRiWWR4U2dnbHAxQmJxQlRlQXBEc1E5YlVndlhnQ3ctVlllcTRhU3REaE9lUnVCUkNvZGEzX3RUZTQ0VHJCbTN3S2lB0gG0AUFVX3lxTFBnelZtelJ1S2Nfc0hJUzU1VXplUlhUUnpOVVNGeVpjdVNBMV8xWXNFdWVRc1JnTk1lLTZaTV9hMkhwZW1OcFo3MmFvdmpSMVV3TVJjcHRLRExtd29fSGhPWFROX2NKLXVCNExxbkJaV2NJeDJ4bGxrRVI3U2twZUphTkZIMl91aW9tNUpEeDRBenFaUWVtUkNTRUZvQkRDRjNzanlTR0VzVFdCTktYc3FxVGwwYg?oc=5,https://news.google.com/rss/articles/CBMirwFBVV95cUxPMHhsUnphOEtURjJEc2dhYjYzNW1zbUI3V1V0cHd3M1hnN2VnalQ2SjY0NFF5RGFndnpfaTh0TXNaWFNZeFZMZjRZa3NPMFg1TUQ2Qk5Cem1xUmdla09rZTRlc1N1YmdqR3V2UkRiWWR4U2dnbHAxQmJxQlRlQXBEc1E5YlVndlhnQ3ctVlllcTRhU3REaE9lUnVCUkNvZGEzX3RUZTQ0VHJCbTN3S2lB0gG0AUFVX3lxTFBnelZtelJ1S2Nfc0hJUzU1VXplUlhUUnpOVVNGeVpjdVNBMV8xWXNFdWVRc1JnTk1lLTZaTV9hMkhwZW1OcFo3MmFvdmpSMVV3TVJjcHRLRExtd29fSGhPWFROX2NKLXVCNExxbkJaV2NJeDJ4bGxrRVI3U2twZUphTkZIMl91aW9tNUpEeDRBenFaUWVtUkNTRUZvQkRDRjNzanlTR0VzVFdCTktYc3FxVGwwYg?oc=5,global vegetable market fresh produce price,Vegetable exports fail to grow due to weak diversification of basket and market The Business Standard,ARTICLE,2026-07-12 16:32:45+00:00,2026-07-12 23:32:45+07:00,vegetable exports fail to grow due to weak diversification of basket and market,https://news.google.com/rss/articles/CBMirwFBVV95cUxPMHhsUnphOEtURjJEc2dhYjYzNW1zbUI3V1V0cHd3M1hnN2VnalQ2SjY0NFF5RGFndnpfaTh0TXNaWFNZeFZMZjRZa3NPMFg1TUQ2Qk5Cem1xUmdla09rZTRlc1N1YmdqR3V2UkRiWWR4U2dnbHAxQmJxQlRlQXBEc1E5YlVndlhnQ3ctVlllcTRhU3REaE9lUnVCUkNvZGEzX3RUZTQ0VHJCbTN3S2lB0gG0AUFVX3lxTFBnelZtelJ1S2Nfc0hJUzU1VXplUlhUUnpOVVNGeVpjdVNBMV8xWXNFdWVRc1JnTk1lLTZaTV9hMkhwZW1OcFo3MmFvdmpSMVV3TVJjcHRLRExtd29fSGhPWFROX2NKLXVCNExxbkJaV2NJeDJ4bGxrRVI3U2twZUphTkZIMl91aW9tNUpEeDRBenFaUWVtUkNTRUZvQkRDRjNzanlTR0VzVFdCTktYc3FxVGwwYg?oc=5,b1f27219f585febe8be2c7a054face2d25254ab272780840786d819951b783bf,bfdfdb3937e3944c95341d320596f93b0e5cc1adc068991f528f3387227aae5b,81bea9f679568bf9b1c0ef146792fe64b9cce9a949863bc4ff4d8cf5f20affc6,NEW
2026-07-13,2026-07-13 09:47:45,"Sun, 12 Jul 2026 16:16:12 GMT",Rice,Global,Market,"World Damaged Starch Analyzer - Market Analysis, Forecast, Size, Trends and Insights","Global Rice news related to market. Key point: World Damaged Starch Analyzer - Market Analysis, Forecast, Size, Trends and Insights",IndexBox,indexbox.io,Google News RSS,Google News,en,https://news.google.com/rss/articles/CBMi2wFBVV95cUxNY19EMk93dWVhV2hCM3pJNDAzZDJkVWw1RjFEUGp2TUZqaVBhQ2VqVnU0YmduaC11SHctWVZBbXJfZDl3N050MFlwSldpaUVNNldRR2JSU2gyUE9jenVRX2lRZmNOOTF6ZE9UZW5hZExoRjZxZTNDQWdMWVo2YUNpNXJNbzAtbThvUFV0YkNVSTR3V25HTFZKaWtIeUdidWVXZFFycl9zLTl1ZzU1UFROMDBfb0dTR0p6WUJtOGxWY0lXMnJYZ3UxdHpJOGZXaG9yZnpsYTZKcmtYNjg?oc=5,https://news.google.com/rss/articles/CBMi2wFBVV95cUxNY19EMk93dWVhV2hCM3pJNDAzZDJkVWw1RjFEUGp2TUZqaVBhQ2VqVnU0YmduaC11SHctWVZBbXJfZDl3N050MFlwSldpaUVNNldRR2JSU2gyUE9jenVRX2lRZmNOOTF6ZE9UZW5hZExoRjZxZTNDQWdMWVo2YUNpNXJNbzAtbThvUFV0YkNVSTR3V25HTFZKaWtIeUdidWVXZFFycl9zLTl1ZzU1UFROMDBfb0dTR0p6WUJtOGxWY0lXMnJYZ3UxdHpJOGZXaG9yZnpsYTZKcmtYNjg?oc=5,global rice market price export food security,"World Damaged Starch Analyzer - Market Analysis, Forecast, Size, Trends and Insights IndexBox",ARTICLE,2026-07-12 16:16:12+00:00,2026-07-12 23:16:12+07:00,world damaged starch analyzer market analysis forecast size trends and insights,https://news.google.com/rss/articles/CBMi2wFBVV95cUxNY19EMk93dWVhV2hCM3pJNDAzZDJkVWw1RjFEUGp2TUZqaVBhQ2VqVnU0YmduaC11SHctWVZBbXJfZDl3N050MFlwSldpaUVNNldRR2JSU2gyUE9jenVRX2lRZmNOOTF6ZE9UZW5hZExoRjZxZTNDQWdMWVo2YUNpNXJNbzAtbThvUFV0YkNVSTR3V25HTFZKaWtIeUdidWVXZFFycl9zLTl1ZzU1UFROMDBfb0dTR0p6WUJtOGxWY0lXMnJYZ3UxdHpJOGZXaG9yZnpsYTZKcmtYNjg?oc=5,19a4e7a2f051105657d78d53fb6e17ca0f8bd34db926fbbc4ea92a5521083113,d78c69492e7b22aa2afb2dbaad5c92a6b479f6c4375c538b3c0f4fcb6dd1cf18,ed4c4e4bf231423c632edbc755e48232457f3cd35ce0c57eb54ae36e86e98111,NEW
2026-07-13,2026-07-13 09:47:45,"Sun, 12 Jul 2026 15:02:17 GMT",Rice,Global,Market; Production,"In A’Ibom, Agriculture Still Driven by Staples, Cash Crops Global Food Markets Shake","Global Rice news related to market; production. Key point: In A’Ibom, Agriculture Still Driven by Staples, Cash Crops Global Food Markets Shake",thesouthernexaminer.com,thesouthernexaminer.com,Google News RSS,Google News,en,https://news.google.com/rss/articles/CBMixwFBVV95cUxNN3Z1VUs0UXdmMEt6XzBqRXFtNlZiSFJua0xlaVpDSlB6YTlhZlpmMW9HdkJEaE9ldjV3aXpMUEQtbmZ3V0dpMGJhR2MzSGtXVC1rUmEyOWR0N2EtY0tvZ1dPVGt5ekhYd2Zkc25fM05veDVEZTJMbUtpY0lOTFFoOS1xeUNJMkNwcmoteURoWVNQTnZRaFlqQk1fbzlycTgwWDk2a0dwT0xlMmU0UC1xOGtDMlc3bjdDY3didEZ5MXJkTGxHazJB?oc=5,https://news.google.com/rss/articles/CBMixwFBVV95cUxNN3Z1VUs0UXdmMEt6XzBqRXFtNlZiSFJua0xlaVpDSlB6YTlhZlpmMW9HdkJEaE9ldjV3aXpMUEQtbmZ3V0dpMGJhR2MzSGtXVC1rUmEyOWR0N2EtY0tvZ1dPVGt5ekhYd2Zkc25fM05veDVEZTJMbUtpY0lOTFFoOS1xeUNJMkNwcmoteURoWVNQTnZRaFlqQk1fbzlycTgwWDk2a0dwT0xlMmU0UC1xOGtDMlc3bjdDY3didEZ5MXJkTGxHazJB?oc=5,global rice market price export food security,"In A’Ibom, Agriculture Still Driven by Staples, Cash Crops Global Food Markets Shake thesouthernexaminer.com",ARTICLE,2026-07-12 15:02:17+00:00,2026-07-12 22:02:17+07:00,in a ibom agriculture still driven by staples cash crops global food markets shake,https://news.google.com/rss/articles/CBMixwFBVV95cUxNN3Z1VUs0UXdmMEt6XzBqRXFtNlZiSFJua0xlaVpDSlB6YTlhZlpmMW9HdkJEaE9ldjV3aXpMUEQtbmZ3V0dpMGJhR2MzSGtXVC1rUmEyOWR0N2EtY0tvZ1dPVGt5ekhYd2Zkc25fM05veDVEZTJMbUtpY0lOTFFoOS1xeUNJMkNwcmoteURoWVNQTnZRaFlqQk1fbzlycTgwWDk2a0dwT0xlMmU0UC1xOGtDMlc3bjdDY3didEZ5MXJkTGxHazJB?oc=5,427a682e18e3b2a0b8a8146e3541641111ad182ffe5ed0754e28e1d34d01a6a8,0742b5310c024512e11ad5e4efe0a1f8d8737f23fa69e56e742c0cdb06032288,cec58bef3318f0403cd7caa703ab7f63b5b5d54727c887558c18a3a4575f7479,NEW
2026-07-13,2026-07-13 09:47:45,"Sun, 12 Jul 2026 12:17:54 GMT",Rice,Global,General,Appraisal of FG’s cocoa value chain support,Global Rice news related to general. Key point: Appraisal of FG’s cocoa value chain support,Business News Nigeria,businessday.ng,Google News RSS,Google News,en,https://news.google.com/rss/articles/CBMihgFBVV95cUxPS3RqMnY0Z3E1Vk5zMTZTaHp1V0MwU202SXg1MGY1MkMzemFvNi1oZ09JdzlpZGs5U21OYWtqQVNrcFFlR0ZZdnZ6ajZHV2JEaWpUZ3o4eG93cjFBR2J5OVBWd0FZeEFiUkNHTVdBSG43NU9naXZwenVsRTVaN2NlZzc0WFpGQQ?oc=5,https://news.google.com/rss/articles/CBMihgFBVV95cUxPS3RqMnY0Z3E1Vk5zMTZTaHp1V0MwU202SXg1MGY1MkMzemFvNi1oZ09JdzlpZGs5U21OYWtqQVNrcFFlR0ZZdnZ6ajZHV2JEaWpUZ3o4eG93cjFBR2J5OVBWd0FZeEFiUkNHTVdBSG43NU9naXZwenVsRTVaN2NlZzc0WFpGQQ?oc=5,global rice market price export food security,Appraisal of FG’s cocoa value chain support Business News Nigeria,ARTICLE,2026-07-12 12:17:54+00:00,2026-07-12 19:17:54+07:00,appraisal of fg s cocoa value chain support,https://news.google.com/rss/articles/CBMihgFBVV95cUxPS3RqMnY0Z3E1Vk5zMTZTaHp1V0MwU202SXg1MGY1MkMzemFvNi1oZ09JdzlpZGs5U21OYWtqQVNrcFFlR0ZZdnZ6ajZHV2JEaWpUZ3o4eG93cjFBR2J5OVBWd0FZeEFiUkNHTVdBSG43NU9naXZwenVsRTVaN2NlZzc0WFpGQQ?oc=5,aa4577c57e3e063e9d8172fe5460a85b775386814560cca743146e35373eec56,20aee62b06d8d144eab039b1eb9c77e7af6f2bbe28d69a9266e933f5ffe6d6c5,e921a03f27d50850e7bb4f53098260f4a64d0d5ff1d9e07ef2a1e0a66ef25c26,NEW
2026-07-13,2026-07-13 09:47:47,"Sun, 12 Jul 2026 08:44:13 GMT",Vegetables,Global,Export,New Hot Water Treatment Plant set to boost Tana River mango exports,Global Vegetables news related to export. Key point: New Hot Water Treatment Plant set to boost Tana River mango exports,KBC Digital,kbc.co.ke,Google News RSS,Google News,en,https://news.google.com/rss/articles/CBMigwFBVV95cUxOZ0hjTjJUUkNLbjU2WktkV2J1eDFKUTZ6UjV2UVY4ZkhzbHhld3l3d2NhWjhUcVBvLWI5dTF6QlpkNUF3em1sdzlpYTVRSk1lclRjSWJJMGpPOXVxTmVtU2Z0a2VTemU0bjZLeGpUdXgtazRVRDFvODlSc3BFbTdENUk2aw?oc=5,https://news.google.com/rss/articles/CBMigwFBVV95cUxOZ0hjTjJUUkNLbjU2WktkV2J1eDFKUTZ6UjV2UVY4ZkhzbHhld3l3d2NhWjhUcVBvLWI5dTF6QlpkNUF3em1sdzlpYTVRSk1lclRjSWJJMGpPOXVxTmVtU2Z0a2VTemU0bjZLeGpUdXgtazRVRDFvODlSc3BFbTdENUk2aw?oc=5,global vegetable market fresh produce price,New Hot Water Treatment Plant set to boost Tana River mango exports KBC Digital,ARTICLE,2026-07-12 08:44:13+00:00,2026-07-12 15:44:13+07:00,new hot water treatment plant set to boost tana river mango exports,https://news.google.com/rss/articles/CBMigwFBVV95cUxOZ0hjTjJUUkNLbjU2WktkV2J1eDFKUTZ6UjV2UVY4ZkhzbHhld3l3d2NhWjhUcVBvLWI5dTF6QlpkNUF3em1sdzlpYTVRSk1lclRjSWJJMGpPOXVxTmVtU2Z0a2VTemU0bjZLeGpUdXgtazRVRDFvODlSc3BFbTdENUk2aw?oc=5,26dff39f366cd1d9f4975d75de7aae077031c0305db39d447af086e0353b52cc,0b54dccbb6f277d6750ef612715022339e7d1cd7ad537b168c92f0e2446004a4,031c7de860e897a99dadaa6829709f4710c3ee68a2ee06f7b461bcb2d20ffde7,NEW
2026-07-12,2026-07-12 17:36:24,"Sun, 12 Jul 2026 00:58:07 GMT",Rice,Global,General,Rice industry seeks more support,Global Rice news related to general. Key point: Rice industry seeks more support,FBC News,fbcnews.com.fj,Google News RSS,Google News,en,https://news.google.com/rss/articles/CBMic0FVX3lxTE9uSkNEUHdIbjNwU0QzcDI5ckc4U0FzVVlrVEVwM0dUNFlQTkZBUDFHaUNZYkI1WEFnTHpjNWpaNjFGQmFkR0loRnpGZlJLaV8wbEtSN1U0bGpWTWVVaEtTUGdtcnNYaWhvRzhpS09td3Bodmc?oc=5,https://news.google.com/rss/articles/CBMic0FVX3lxTE9uSkNEUHdIbjNwU0QzcDI5ckc4U0FzVVlrVEVwM0dUNFlQTkZBUDFHaUNZYkI1WEFnTHpjNWpaNjFGQmFkR0loRnpGZlJLaV8wbEtSN1U0bGpWTWVVaEtTUGdtcnNYaWhvRzhpS09td3Bodmc?oc=5,global rice market price export food security,Rice industry seeks more support FBC News,ARTICLE,2026-07-12 00:58:07,2026-07-12 07:58:07,rice industry seeks more support,https://news.google.com/rss/articles/CBMic0FVX3lxTE9uSkNEUHdIbjNwU0QzcDI5ckc4U0FzVVlrVEVwM0dUNFlQTkZBUDFHaUNZYkI1WEFnTHpjNWpaNjFGQmFkR0loRnpGZlJLaV8wbEtSN1U0bGpWTWVVaEtTUGdtcnNYaWhvRzhpS09td3Bodmc?oc=5,4966c9c5c8c8f66f0969430e21c4effb49a9b7a98a4aa1b59be964c414e9b58f,b0baf7ef7eb6f24b8c86539829af14465cfcc92d246d2b15ead86c240f1950ff,3682785a9f4bbb5ed5f4787493c629477c6650226a0d70c68648e157c71a564c,NEW
2026-07-13,2026-07-13 09:47:44,"Sun, 12 Jul 2026 07:36:20 GMT",Rice,Global,General,"11 Gorgeous Countries Where Safe, Modern Housing Costs Less Than $200 a Month","Global Rice news related to general. Key point: 11 Gorgeous Countries Where Safe, Modern Housing Costs Less Than $200 a Month",Travelbinger,travelbinger.com,Google News RSS,Google News,en,https://news.google.com/rss/articles/CBMiogFBVV95cUxPRjNTTUdJTElTWEpDcWI0Snp5WXkzdGl1cU5Jd1J4UllHNHVXVDJURzRwNDJMUTRkdmtGNkFHdXZlX0VkRVVzS2haaFNwZjM1bzhrZnVxS2FpcGl1bWlONXFweUxGSnlXMnAtekhWdEY5VXkxcE0xRjZOUEV2TzhPSFhMRjhJY0lVeThsdEtiNVdsTTQxR1FUMmQxYnRhWXN4ZGc?oc=5,https://news.google.com/rss/articles/CBMiogFBVV95cUxPRjNTTUdJTElTWEpDcWI0Snp5WXkzdGl1cU5Jd1J4UllHNHVXVDJURzRwNDJMUTRkdmtGNkFHdXZlX0VkRVVzS2haaFNwZjM1bzhrZnVxS2FpcGl1bWlONXFweUxGSnlXMnAtekhWdEY5VXkxcE0xRjZOUEV2TzhPSFhMRjhJY0lVeThsdEtiNVdsTTQxR1FUMmQxYnRhWXN4ZGc?oc=5,Cambodia rice market OR export OR paddy price,"11 Gorgeous Countries Where Safe, Modern Housing Costs Less Than $200 a Month Travelbinger",ARTICLE,2026-07-12 07:36:20+00:00,2026-07-12 14:36:20+07:00,11 gorgeous countries where safe modern housing costs less than 200 a month,https://news.google.com/rss/articles/CBMiogFBVV95cUxPRjNTTUdJTElTWEpDcWI0Snp5WXkzdGl1cU5Jd1J4UllHNHVXVDJURzRwNDJMUTRkdmtGNkFHdXZlX0VkRVVzS2haaFNwZjM1bzhrZnVxS2FpcGl1bWlONXFweUxGSnlXMnAtekhWdEY5VXkxcE0xRjZOUEV2TzhPSFhMRjhJY0lVeThsdEtiNVdsTTQxR1FUMmQxYnRhWXN4ZGc?oc=5,507a7cb28317f3b788f9f985249cfd396b41d65eef0dafab12fe8ae3e4d06a9f,8b4e7e84b0e83c871375fc3a9929d3e8c30d59b934467c7274d98f27a268ab7a,7f76389ee53b7a1fb925e9f8e6b86153cc6f42167706509217d75761da026b24,NEW
2026-07-12,2026-07-12 17:36:24,"Sat, 11 Jul 2026 23:29:02 GMT",Rice,Global,Export,"Pakistan, Bangladesh to ease food trade","Global Rice news related to export. Key point: Pakistan, Bangladesh to ease food trade",The Express Tribune,tribune.com.pk,Google News RSS,Google News,en,https://news.google.com/rss/articles/CBMigAFBVV95cUxQSlJjRWI0TjVDSmhIOXUwdVBXQ2E2bVh1bU12TDBTVEhQVWlXR1FBZDdtS1hwUTBmMVFDd1ZocjFwcXBjem9mT3ZXZ1hnRjNmcm5iRG5TeVlNZHFFdVFsejJxME85NElMYmRfOXY3aG5FZzJ1SUJBNkpva3ByYXBnZtIBiAFBVV95cUxOMHcyVG5TVEo0TVplM2haWDUxWC1XLVJOVTh1ZmhDNzhsZEN5YVYzRWxqMmo4OWJqeWM0eEk5VzJvZVVNX3U5Tm5vRk5LVUpScktHeEp3eVBSRndUMkJoUkhyYUdkN2VheWpRQ3UtX0NpYUdqYzJBSXFENHpsMmRPYXpKVzZiWmd5?oc=5,https://news.google.com/rss/articles/CBMigAFBVV95cUxQSlJjRWI0TjVDSmhIOXUwdVBXQ2E2bVh1bU12TDBTVEhQVWlXR1FBZDdtS1hwUTBmMVFDd1ZocjFwcXBjem9mT3ZXZ1hnRjNmcm5iRG5TeVlNZHFFdVFsejJxME85NElMYmRfOXY3aG5FZzJ1SUJBNkpva3ByYXBnZtIBiAFBVV95cUxOMHcyVG5TVEo0TVplM2haWDUxWC1XLVJOVTh1ZmhDNzhsZEN5YVYzRWxqMmo4OWJqeWM0eEk5VzJvZVVNX3U5Tm5vRk5LVUpScktHeEp3eVBSRndUMkJoUkhyYUdkN2VheWpRQ3UtX0NpYUdqYzJBSXFENHpsMmRPYXpKVzZiWmd5?oc=5,global rice market price export food security,"Pakistan, Bangladesh to ease food trade The Express Tribune",ARTICLE,2026-07-11 23:29:02,2026-07-12 06:29:02,pakistan bangladesh to ease food trade,https://news.google.com/rss/articles/CBMigAFBVV95cUxQSlJjRWI0TjVDSmhIOXUwdVBXQ2E2bVh1bU12TDBTVEhQVWlXR1FBZDdtS1hwUTBmMVFDd1ZocjFwcXBjem9mT3ZXZ1hnRjNmcm5iRG5TeVlNZHFFdVFsejJxME85NElMYmRfOXY3aG5FZzJ1SUJBNkpva3ByYXBnZtIBiAFBVV95cUxOMHcyVG5TVEo0TVplM2haWDUxWC1XLVJOVTh1ZmhDNzhsZEN5YVYzRWxqMmo4OWJqeWM0eEk5VzJvZVVNX3U5Tm5vRk5LVUpScktHeEp3eVBSRndUMkJoUkhyYUdkN2VheWpRQ3UtX0NpYUdqYzJBSXFENHpsMmRPYXpKVzZiWmd5?oc=5,f4b907da18d904fb79b65790db3ac517e171d25e7c38aa5c333d3d1540c407bb,eb88e1eb6dca15761d156bd6cf92d39b20156ab71f1877cdf35a69d9b8d865d7,1434cea79c0c82c0194998eb6b6bd51feea3cd06cb073b39d77a183cf1a07c75,NEW
2026-07-12,2026-07-12 17:36:28,"Sat, 11 Jul 2026 22:16:57 GMT",Vegetables,Global,General,Rising global appetite boosts jackfruit potential,Global Vegetables news related to general. Key point: Rising global appetite boosts jackfruit potential,daily-sun.com,daily-sun.com,Google News RSS,Google News,en,https://news.google.com/rss/articles/CBMiU0FVX3lxTE0zSnR1VkVSTzJZMnAzMElQcmVzVVRhMXVOXy04NWZKdVhMSjlzZ2R6RnhRamJUekRaaWFTWWdqUE1tYzFZU2t4dTJiME1pck00ZHgw?oc=5,https://news.google.com/rss/articles/CBMiU0FVX3lxTE0zSnR1VkVSTzJZMnAzMElQcmVzVVRhMXVOXy04NWZKdVhMSjlzZ2R6RnhRamJUekRaaWFTWWdqUE1tYzFZU2t4dTJiME1pck00ZHgw?oc=5,global vegetable market fresh produce price,Rising global appetite boosts jackfruit potential daily-sun.com,ARTICLE,2026-07-11 22:16:57,2026-07-12 05:16:57,rising global appetite boosts jackfruit potential,https://news.google.com/rss/articles/CBMiU0FVX3lxTE0zSnR1VkVSTzJZMnAzMElQcmVzVVRhMXVOXy04NWZKdVhMSjlzZ2R6RnhRamJUekRaaWFTWWdqUE1tYzFZU2t4dTJiME1pck00ZHgw?oc=5,1d5130fb04359559bc8d92825e2c3531b5e49b2e061454844213d5e2cf9f353d,28336e785d3b8fceab1a27e15f00225a795606435705cac941a2933b1c24e82b,4e72fd45b0020fcc4389cb5a735f55c743d9220c213ca1137c3d420308bbebca,NEW
2026-07-13,2026-07-13 09:47:47,"Sun, 12 Jul 2026 04:20:26 GMT",Vegetables,Global,Market,Kalimati Market Sets Wholesale Prices for Agricultural Produce,Global Vegetables news related to market. Key point: Kalimati Market Sets Wholesale Prices for Agricultural Produce,Ratopati,english.ratopati.com,Google News RSS,Google News,en,https://news.google.com/rss/articles/CBMipAFBVV95cUxOM1h2ZFBBN1I1R2lWOHE5QWZ0MTd3dG50ZGdLdVd6OVZRUlBuSzhmQXlxV3p6blc1d1NrYTJ1aFZOUlhseVB5ajlubzh4VS1hc01lUHNXMlVSX2JvTG5xWXJUNHhiYnRuMUVkZE15d3JhdWdHWG0yd19nd3UyUGxWelAtZTI0MktrcHk1UnhLY2dwSlhGOFVPLWo5bFRZWFc2SlJRRw?oc=5,https://news.google.com/rss/articles/CBMipAFBVV95cUxOM1h2ZFBBN1I1R2lWOHE5QWZ0MTd3dG50ZGdLdVd6OVZRUlBuSzhmQXlxV3p6blc1d1NrYTJ1aFZOUlhseVB5ajlubzh4VS1hc01lUHNXMlVSX2JvTG5xWXJUNHhiYnRuMUVkZE15d3JhdWdHWG0yd19nd3UyUGxWelAtZTI0MktrcHk1UnhLY2dwSlhGOFVPLWo5bFRZWFc2SlJRRw?oc=5,global vegetable market fresh produce price,Kalimati Market Sets Wholesale Prices for Agricultural Produce Ratopati,ARTICLE,2026-07-12 04:20:26+00:00,2026-07-12 11:20:26+07:00,kalimati market sets wholesale prices for agricultural produce,https://news.google.com/rss/articles/CBMipAFBVV95cUxOM1h2ZFBBN1I1R2lWOHE5QWZ0MTd3dG50ZGdLdVd6OVZRUlBuSzhmQXlxV3p6blc1d1NrYTJ1aFZOUlhseVB5ajlubzh4VS1hc01lUHNXMlVSX2JvTG5xWXJUNHhiYnRuMUVkZE15d3JhdWdHWG0yd19nd3UyUGxWelAtZTI0MktrcHk1UnhLY2dwSlhGOFVPLWo5bFRZWFc2SlJRRw?oc=5,bdc6c93a74f3d505742e37025559f6b9140d53773a66a6750f08c2d2d1d47939,0c1f62e37c38eb232a3ba72532e5c2e23aea208182d54d86dceb6031131021ad,4e8c8407dc0b16d168424defe44feae286205f8ff64c60cb9e4a819ea05ce90d,NEW
2026-07-13,2026-07-13 09:47:47,"Sun, 12 Jul 2026 04:18:28 GMT",Vegetables,Global,Market; Production,Meghalaya Farmers’ Market strengthens direct farm-to-consumer link,Global Vegetables news related to market; production. Key point: Meghalaya Farmers’ Market strengthens direct farm-to-consumer link,The Meghalayan Express,themeghalayanexpress.com,Google News RSS,Google News,en,https://news.google.com/rss/articles/CBMioAFBVV95cUxQTFZnZkk3VmliZmxWdWZWd1NTUDhlWFJiX1FOajFBQlNNZFB5Z3hoSlE2NUFDUnFMT0tuWGlwaXhzODNOdXYxa0taRU1rd0ZBRkhoQVhPbDUtS0RMeDdfZkY1a2NiekZZY1NuMmRHSXcwWU4wZXlNRmEyZHJFYTBmcEM4Sm50d1pwckV2eEQzSWJEcGxuYW1VSmt5RUg4SnU2?oc=5,https://news.google.com/rss/articles/CBMioAFBVV95cUxQTFZnZkk3VmliZmxWdWZWd1NTUDhlWFJiX1FOajFBQlNNZFB5Z3hoSlE2NUFDUnFMT0tuWGlwaXhzODNOdXYxa0taRU1rd0ZBRkhoQVhPbDUtS0RMeDdfZkY1a2NiekZZY1NuMmRHSXcwWU4wZXlNRmEyZHJFYTBmcEM4Sm50d1pwckV2eEQzSWJEcGxuYW1VSmt5RUg4SnU2?oc=5,global vegetable market fresh produce price,Meghalaya Farmers’ Market strengthens direct farm-to-consumer link The Meghalayan Express,ARTICLE,2026-07-12 04:18:28+00:00,2026-07-12 11:18:28+07:00,meghalaya farmers market strengthens direct farm to consumer link,https://news.google.com/rss/articles/CBMioAFBVV95cUxQTFZnZkk3VmliZmxWdWZWd1NTUDhlWFJiX1FOajFBQlNNZFB5Z3hoSlE2NUFDUnFMT0tuWGlwaXhzODNOdXYxa0taRU1rd0ZBRkhoQVhPbDUtS0RMeDdfZkY1a2NiekZZY1NuMmRHSXcwWU4wZXlNRmEyZHJFYTBmcEM4Sm50d1pwckV2eEQzSWJEcGxuYW1VSmt5RUg4SnU2?oc=5,b077330b69e506766269fa5f56c336e05a4e5f193c0ca04197a7143b1846ae38,b3a02d31fc94245de02fd2ad555b38fad13dd1d2e786da55f183b8aaf0653e80,c61f0247c42e09905a334bb5fdfebc34e4d704b1a9bd24e04575f81d7ba24ac7,NEW
2026-07-12,2026-07-12 17:36:28,"Sat, 11 Jul 2026 13:10:09 GMT",Vegetables,Global,Export,Nepal Joins Japan in Restricting Indian Mango Imports Over Quality Concerns,Global Vegetables news related to export. Key point: Nepal Joins Japan in Restricting Indian Mango Imports Over Quality Concerns,ascendants.in,ascendants.in,Google News RSS,Google News,en,https://news.google.com/rss/articles/CBMijwFBVV95cUxOU2NlcUt2RzluSmQyRzdYQU5LMlBLTktRN1Znam9sc0JFTGxRclUzSk01Mmc3ZXo5UERDZzROdkxSN3p2ZXZoMXhmVU9ySVpXX203M3h5MXVfMHEtSmdmQ2J1cFk5VHVOblNQYUItdkg4S0tlRDJDV2NONzlGX0dkOVNoZnZBdGk0NmNjSERfVQ?oc=5,https://news.google.com/rss/articles/CBMijwFBVV95cUxOU2NlcUt2RzluSmQyRzdYQU5LMlBLTktRN1Znam9sc0JFTGxRclUzSk01Mmc3ZXo5UERDZzROdkxSN3p2ZXZoMXhmVU9ySVpXX203M3h5MXVfMHEtSmdmQ2J1cFk5VHVOblNQYUItdkg4S0tlRDJDV2NONzlGX0dkOVNoZnZBdGk0NmNjSERfVQ?oc=5,global vegetable market fresh produce price,Nepal Joins Japan in Restricting Indian Mango Imports Over Quality Concerns ascendants.in,ARTICLE,2026-07-11 13:10:09,2026-07-11 20:10:09,nepal joins japan in restricting indian mango imports over quality concerns,https://news.google.com/rss/articles/CBMijwFBVV95cUxOU2NlcUt2RzluSmQyRzdYQU5LMlBLTktRN1Znam9sc0JFTGxRclUzSk01Mmc3ZXo5UERDZzROdkxSN3p2ZXZoMXhmVU9ySVpXX203M3h5MXVfMHEtSmdmQ2J1cFk5VHVOblNQYUItdkg4S0tlRDJDV2NONzlGX0dkOVNoZnZBdGk0NmNjSERfVQ?oc=5,e31ff2031ec6735eb81c197bccc3acbf5cd12e3ee815a911286fa5f8400605e5,301858e25647c7e89901b5d7af7d91005c8fe922a508353af3fc42c522586c98,f96ed1df8c495a3026eaa6ea60e6b41f50649b39daea25ada17a863e04c77468,NEW
2026-07-12,2026-07-12 17:36:24,"Sat, 11 Jul 2026 10:19:23 GMT",Rice,Global,Market; Export; Climate Risk,Dawanau grain market strengthens West Africa’s food trade,Global Rice news related to market; export; climate risk. Key point: Dawanau grain market strengthens West Africa’s food trade,Milling Middle East & Africa,millingmea.com,Google News RSS,Google News,en,https://news.google.com/rss/articles/CBMihwFBVV95cUxPb1NRVVZaajBDT1otRG1RRzMxYzl1dG55OHVqZnVFWXBPUjZXdjFkM1FmNjhvVnJrRlRycWp4bUJxaDdZZ1JBTWdXcE5ObDRLTzVpNUtHV0ZocEJ1LUdRamc3aHMtaEZZUlV5NU1GOGVVTUVYN3Z0eU5xVDRaV2xtUDhXWGM5dmc?oc=5,https://news.google.com/rss/articles/CBMihwFBVV95cUxPb1NRVVZaajBDT1otRG1RRzMxYzl1dG55OHVqZnVFWXBPUjZXdjFkM1FmNjhvVnJrRlRycWp4bUJxaDdZZ1JBTWdXcE5ObDRLTzVpNUtHV0ZocEJ1LUdRamc3aHMtaEZZUlV5NU1GOGVVTUVYN3Z0eU5xVDRaV2xtUDhXWGM5dmc?oc=5,global rice market price export food security,Dawanau grain market strengthens West Africa’s food trade Milling Middle East & Africa,ARTICLE,2026-07-11 10:19:23,2026-07-11 17:19:23,dawanau grain market strengthens west africa s food trade,https://news.google.com/rss/articles/CBMihwFBVV95cUxPb1NRVVZaajBDT1otRG1RRzMxYzl1dG55OHVqZnVFWXBPUjZXdjFkM1FmNjhvVnJrRlRycWp4bUJxaDdZZ1JBTWdXcE5ObDRLTzVpNUtHV0ZocEJ1LUdRamc3aHMtaEZZUlV5NU1GOGVVTUVYN3Z0eU5xVDRaV2xtUDhXWGM5dmc?oc=5,05a90c18a88386c8b07ba22cadf5f8919b28d9f00d8cbb14d8e7ecbad3ed3d27,4d1052f291bd51d4c1003ba606b0583ff441537c716fe40ac3880310eb6bcd90,34cea64c2ae55995eb78799e21345d545e518c092a7765b62afa659a9914fbb3,NEW
2026-07-12,2026-07-12 17:36:24,"Sat, 11 Jul 2026 06:35:23 GMT",Rice,Global,General,"35,000 new acres to expand agriculture in Region Six","Global Rice news related to general. Key point: 35,000 new acres to expand agriculture in Region Six",Guyana Chronicle,guyanachronicle.com,Google News RSS,Google News,en,https://news.google.com/rss/articles/CBMilgFBVV95cUxNdXc2MnZiWl9UeGJqdkYzNl9US21ueHMxdGd0NHVfWnZzbDJnVE84SlZyRGhIOXRIVFYxYkZUVW1LY3RPYVA3ajJXamhkZUlEMjFTZGVTVl9YdkVBZnlMV2NESUpSTk5ZQjlIajZiQUg1Wi1RYVY2endnTzBpbXFPNU9kVURhMWlfWlNvaDV3YVA0dWRUVlE?oc=5,https://news.google.com/rss/articles/CBMilgFBVV95cUxNdXc2MnZiWl9UeGJqdkYzNl9US21ueHMxdGd0NHVfWnZzbDJnVE84SlZyRGhIOXRIVFYxYkZUVW1LY3RPYVA3ajJXamhkZUlEMjFTZGVTVl9YdkVBZnlMV2NESUpSTk5ZQjlIajZiQUg1Wi1RYVY2endnTzBpbXFPNU9kVURhMWlfWlNvaDV3YVA0dWRUVlE?oc=5,global rice market price export food security,"35,000 new acres to expand agriculture in Region Six Guyana Chronicle",ARTICLE,2026-07-11 06:35:23,2026-07-11 13:35:23,35 000 new acres to expand agriculture in region six,https://news.google.com/rss/articles/CBMilgFBVV95cUxNdXc2MnZiWl9UeGJqdkYzNl9US21ueHMxdGd0NHVfWnZzbDJnVE84SlZyRGhIOXRIVFYxYkZUVW1LY3RPYVA3ajJXamhkZUlEMjFTZGVTVl9YdkVBZnlMV2NESUpSTk5ZQjlIajZiQUg1Wi1RYVY2endnTzBpbXFPNU9kVURhMWlfWlNvaDV3YVA0dWRUVlE?oc=5,ea67d32a5199f691fe6bbcc973cf22e5e305133c6662e9d81b2129f609e9e2da,4abf4c8a012c5fa1cc28de046033aae0ee660ca0e2fb0e44ea8cfa50160912d3,b594e71354c8adf10c1667d017040974d6e7d4f7fd4fdbc1f201ef81ad2cc7cf,NEW
2026-07-12,2026-07-12 17:36:28,"Sat, 11 Jul 2026 02:50:05 GMT",Vegetables,Global,Market,Kalimati Market Sets Wholesale Prices for Fruits and Vegetables,Global Vegetables news related to market. Key point: Kalimati Market Sets Wholesale Prices for Fruits and Vegetables,Ratopati,english.ratopati.com,Google News RSS,Google News,en,https://news.google.com/rss/articles/CBMipAFBVV95cUxOeDAxb0lodF93dm9veHc4bWl5WmRxTmVWR1ptTUtZSHZTNXIxMktIdi1LRlRsZ1dEZGhOTVp0UWlOUjExb0FFR2JhM25IMVRBbGNXZ3ZzdWZoYmxqNThUcnM5OEprZllZT0JNLTFZSmx4eGFoVkU3cVVYaDNsWHl6UFBCa3g3bzZ3Z3dZdGhrVWtxcnQ0dzJDbUQxaWpmSW8zMWxvUw?oc=5,https://news.google.com/rss/articles/CBMipAFBVV95cUxOeDAxb0lodF93dm9veHc4bWl5WmRxTmVWR1ptTUtZSHZTNXIxMktIdi1LRlRsZ1dEZGhOTVp0UWlOUjExb0FFR2JhM25IMVRBbGNXZ3ZzdWZoYmxqNThUcnM5OEprZllZT0JNLTFZSmx4eGFoVkU3cVVYaDNsWHl6UFBCa3g3bzZ3Z3dZdGhrVWtxcnQ0dzJDbUQxaWpmSW8zMWxvUw?oc=5,global vegetable market fresh produce price,Kalimati Market Sets Wholesale Prices for Fruits and Vegetables Ratopati,ARTICLE,2026-07-11 02:50:05,2026-07-11 09:50:05,kalimati market sets wholesale prices for fruits and vegetables,https://news.google.com/rss/articles/CBMipAFBVV95cUxOeDAxb0lodF93dm9veHc4bWl5WmRxTmVWR1ptTUtZSHZTNXIxMktIdi1LRlRsZ1dEZGhOTVp0UWlOUjExb0FFR2JhM25IMVRBbGNXZ3ZzdWZoYmxqNThUcnM5OEprZllZT0JNLTFZSmx4eGFoVkU3cVVYaDNsWHl6UFBCa3g3bzZ3Z3dZdGhrVWtxcnQ0dzJDbUQxaWpmSW8zMWxvUw?oc=5,8f4ce8eeda38bdf09821dc9132284e717f49b2818c74797cd4695c927fb2c69e,2d1ee0bd659862e96de68ea3759bcc5f2eb424928ca7721fca4561ecc334dfbd,b3312cc92c3373f0804e7197b4b87b2e0f5d8d423876dfe62489a60dd48fd7df,NEW
2026-07-12,2026-07-12 21:33:03,"Sat, 11 Jul 2026 02:37:00 GMT",Vegetables,Global,Market,Locally grown vegetables from at least 3 Singapore farms to be taken off FairPrice shelves,Global Vegetables news related to market. Key point: Locally grown vegetables from at least 3 Singapore farms to be taken off FairPrice shelves,AsiaOne,asiaone.com,Google News RSS,Google News,en,https://news.google.com/rss/articles/CBMirgFBVV95cUxNLUhNaUF1alFGaGYzcEhSaHprYm11ZHJFOXV4MEg4M1o5d3Byc21oQ3MtZjRmUTNjQ1FSZFdfbWdlUFBORzl0NkpMRW1wQUJwOXhZdThfN0RhVGh5Z1BVM2FqRVZxMTJzcVczcUJmX1gtT1A4QUdvLU12S0dWNWlLWUZtX2tIbDZselA3TGJVUUdPZ0RNb2NaQkp6cWVrX1FSOEszbDQ0NUdNSWlPd0E?oc=5,https://news.google.com/rss/articles/CBMirgFBVV95cUxNLUhNaUF1alFGaGYzcEhSaHprYm11ZHJFOXV4MEg4M1o5d3Byc21oQ3MtZjRmUTNjQ1FSZFdfbWdlUFBORzl0NkpMRW1wQUJwOXhZdThfN0RhVGh5Z1BVM2FqRVZxMTJzcVczcUJmX1gtT1A4QUdvLU12S0dWNWlLWUZtX2tIbDZselA3TGJVUUdPZ0RNb2NaQkp6cWVrX1FSOEszbDQ0NUdNSWlPd0E?oc=5,global vegetable market fresh produce price,Locally grown vegetables from at least 3 Singapore farms to be taken off FairPrice shelves AsiaOne,ARTICLE,2026-07-11 02:37:00+00:00,2026-07-11 09:37:00+07:00,locally grown vegetables from at least 3 singapore farms to be taken off fairprice shelves,https://news.google.com/rss/articles/CBMirgFBVV95cUxNLUhNaUF1alFGaGYzcEhSaHprYm11ZHJFOXV4MEg4M1o5d3Byc21oQ3MtZjRmUTNjQ1FSZFdfbWdlUFBORzl0NkpMRW1wQUJwOXhZdThfN0RhVGh5Z1BVM2FqRVZxMTJzcVczcUJmX1gtT1A4QUdvLU12S0dWNWlLWUZtX2tIbDZselA3TGJVUUdPZ0RNb2NaQkp6cWVrX1FSOEszbDQ0NUdNSWlPd0E?oc=5,78214d4e37d4df231c916895731c189909a0af714eef0359c7fa140fde8233b9,fb891385a5e970a0c0929142ab7b2fe0b49f1fb75292488add86a24382beacda,4dde39f03c160ecf12eb292b6093a89f72dd1d375da2a021b2879efc680583bc,NEW
